Region,Salesperson,Revenue,Profit,Units_Sold,Customer_Satisfaction,Marketing_Spend,Discount_Percentage,Product_Category,Sales_Channel,Order_Processing_Time
East,Alice,137118,10067,219,4.06,14666,13.4,Furniture,Retail,1
West,Alice,78577,38481,750,2.64,8254,3.7,Automobile,Wholesale,3
North,Alice,19078,28037,406,3.62,14746,6.18,Furniture,Retail,3
East,Eve,166075,10557,109,2.04,4578,0.03,Furniture,Online,5
East,David,72768,10435,40,1.64,13353,1.18,Electronics,Wholesale,3
West,Eve,61047,38766,907,1.64,18251,29.32,Clothing,Online,9
North,David,81626,1162,537,1.28,4542,7.27,Electronics,Online,1
North,Eve,67660,35742,658,1.74,16784,19.9,Automobile,Wholesale,4
East,Eve,190858,20675,338,3.66,14889,25.17,Furniture,Online,4
South,Charlie,142997,9461,175,4.53,3075,16.52,Grocery,Retail,1
East,Eve,127832,18015,468,4.26,7254,4.59,Grocery,Wholesale,2
East,Bob,140406,33591,831,3.74,18465,21.84,Furniture,Online,1
East,Charlie,135150,29047,961,1.44,2486,18.01,Electronics,Retail,6
East,Eve,167087,35782,991,2.16,19124,21.94,Clothing,Retail,3
West,Alice,43320,10833,109,2.24,15970,23.09,Electronics,Online,7
North,Bob,74881,8896,630,2.0,6468,29.26,Furniture,Retail,5
West,Bob,100827,33972,864,3.06,7993,17.21,Furniture,Wholesale,9
West,Bob,112215,42800,182,3.14,4603,10.25,Clothing,Online,7
West,Charlie,167361,31508,758,2.43,2576,19.45,Automobile,Retail,4
East,Eve,144461,6347,171,2.42,3494,2.05,Automobile,Retail,5
South,Eve,166755,31314,914,4.31,4244,26.92,Clothing,Online,5
North,Alice,154701,3643,737,4.16,14966,3.58,Automobile,Online,5
South,Alice,71550,41785,785,2.23,15023,9.84,Grocery,Online,9
West,Bob,34826,19681,272,4.66,6094,24.47,Automobile,Online,3
West,Alice,110734,39328,813,4.81,8031,17.92,Automobile,Wholesale,6
South,Charlie,167702,16892,283,2.31,7871,11.81,Automobile,Online,8
South,Eve,187235,48299,12,2.42,15047,14.2,Grocery,Wholesale,9
South,Bob,108511,18073,37,3.02,18528,25.64,Automobile,Wholesale,7
West,Alice,21653,37768,335,4.76,3644,10.2,Grocery,Online,3
West,Charlie,169033,31682,949,4.51,14490,26.09,Clothing,Wholesale,1
North,Charlie,91941,33262,158,1.41,14583,2.64,Electronics,Online,4
North,Alice,43662,32358,549,2.57,17126,23.3,Clothing,Online,6
West,Eve,108818,15289,497,3.21,8454,25.43,Electronics,Retail,3
South,Alice,197518,8927,831,3.01,7769,5.45,Clothing,Online,1
South,Bob,162360,49330,447,1.78,7630,12.91,Electronics,Retail,6
North,Alice,105081,2171,74,4.44,7328,4.96,Electronics,Wholesale,1
West,Charlie,46877,12918,365,3.71,9344,21.2,Furniture,Retail,9
North,Alice,121562,42903,542,4.35,14720,16.06,Electronics,Wholesale,1
North,Eve,156385,40110,261,4.44,6831,19.06,Electronics,Online,6
East,David,82715,12929,244,3.99,13897,5.89,Furniture,Wholesale,1
East,Alice,151398,3539,236,2.76,18383,6.35,Automobile,Wholesale,7
East,Eve,120091,37727,534,3.44,10791,1.24,Automobile,Online,3
South,Eve,142632,46951,322,1.64,19042,9.66,Furniture,Wholesale,6
West,Charlie,89148,23669,58,3.69,10664,16.79,Grocery,Online,7
West,Eve,93186,6432,127,1.72,10950,25.74,Electronics,Retail,1
West,Eve,167817,21644,63,3.78,2535,20.01,Electronics,Online,1
West,Eve,172962,19745,659,1.92,11963,13.06,Furniture,Online,5
East,Eve,161094,29228,574,1.47,8477,28.59,Furniture,Wholesale,6
South,Bob,133629,35521,53,1.66,17741,21.58,Grocery,Retail,9
South,Bob,193651,32703,824,1.01,12682,27.9,Automobile,Online,1
East,Charlie,80316,27928,62,3.87,798,15.83,Clothing,Retail,4
South,Alice,38380,19322,595,3.93,1423,7.77,Automobile,Retail,8
East,Eve,120198,23360,567,3.06,13831,1.58,Electronics,Wholesale,9
West,Alice,12356,30055,534,1.65,19683,21.78,Furniture,Online,3
East,Alice,80326,43891,686,1.33,7078,3.64,Grocery,Wholesale,2
West,Charlie,102447,17376,111,1.08,5375,9.08,Automobile,Online,4
West,Eve,124994,7588,801,1.66,12754,15.97,Grocery,Retail,2
North,Eve,30049,26000,779,4.56,18686,16.93,Automobile,Online,1
East,David,115361,7304,991,1.97,11405,18.02,Electronics,Online,3
North,Alice,26082,8345,858,2.42,13853,4.99,Clothing,Retail,7
East,Alice,10661,30300,877,1.42,16382,11.39,Grocery,Retail,1
East,Bob,178484,25259,407,1.89,19541,18.52,Grocery,Online,2
North,David,12920,26470,147,3.08,10163,29.09,Clothing,Wholesale,1
North,Bob,89561,24017,684,3.43,19833,21.83,Grocery,Online,8
East,Bob,18946,16352,930,1.98,1441,27.68,Grocery,Retail,5
South,Bob,186572,34365,396,1.23,2407,22.87,Automobile,Wholesale,8
West,Charlie,26309,20446,120,2.56,5337,17.75,Automobile,Retail,3
North,Charlie,65230,3336,623,1.94,14180,5.76,Clothing,Retail,7
West,Bob,121822,10879,26,1.88,18127,20.0,Electronics,Wholesale,8
South,David,171099,33316,789,4.84,6196,18.7,Grocery,Retail,6
South,Alice,122340,34340,191,3.47,16726,18.07,Electronics,Retail,7
South,David,69321,8521,893,3.23,14043,14.69,Clothing,Retail,2
North,Eve,142028,7171,545,2.66,13115,15.86,Clothing,Retail,8
South,Charlie,84131,24481,550,2.72,1966,10.03,Automobile,Retail,5
North,Alice,188980,19474,180,3.16,18850,15.58,Grocery,Retail,7
South,Alice,35963,47760,418,3.79,875,5.93,Furniture,Retail,1
West,Eve,111757,45629,749,3.81,762,24.16,Clothing,Retail,5
West,Eve,180515,46232,387,1.69,12080,5.57,Grocery,Retail,1
East,Bob,109259,22008,197,3.0,10636,2.55,Electronics,Online,8
West,Charlie,49063,2633,867,2.65,8333,13.09,Automobile,Online,4
East,Charlie,124225,13485,239,4.48,2393,19.75,Electronics,Retail,4
West,David,126400,44617,842,3.53,8606,13.13,Clothing,Online,2
North,Bob,90818,4648,861,3.13,12326,8.3,Clothing,Wholesale,5
West,Bob,14703,48945,128,1.46,2152,16.75,Electronics,Online,1
East,Bob,82099,14140,165,3.42,1099,10.41,Clothing,Retail,9
East,Bob,166921,18921,793,1.47,18796,27.99,Grocery,Retail,5
South,Charlie,172932,15357,696,2.35,9292,27.68,Clothing,Online,6
North,Charlie,41585,47136,474,1.57,4137,15.07,Automobile,Retail,2
West,Bob,163087,4137,113,3.77,10855,9.84,Grocery,Wholesale,1
South,David,53585,1097,613,1.83,16489,22.11,Furniture,Wholesale,4
West,Alice,36958,12407,707,2.57,9790,1.1,Clothing,Retail,7
West,Alice,36017,31575,981,4.58,6099,14.24,Clothing,Wholesale,6
South,David,134677,13722,804,1.82,14842,10.09,Automobile,Wholesale,1
South,Bob,186422,13924,511,3.03,14445,27.62,Automobile,Online,1
South,Charlie,153273,4750,702,2.68,11262,0.36,Electronics,Wholesale,8
South,Alice,39426,28733,691,1.07,14812,16.58,Electronics,Online,4
South,Eve,27778,9535,708,4.17,7882,22.22,Electronics,Retail,5
West,Eve,186313,25487,184,1.28,9482,14.55,Automobile,Online,7
South,David,52229,31651,743,2.9,8207,2.56,Electronics,Retail,8
North,Bob,96652,5666,754,3.24,17630,29.17,Electronics,Retail,7
East,Alice,138267,49777,683,3.51,5133,15.54,Furniture,Retail,2
South,Bob,189436,17994,430,3.75,17804,18.43,Electronics,Retail,4
South,Alice,136503,2727,143,2.01,9769,7.1,Clothing,Retail,1
West,David,94878,35622,400,1.04,14278,14.5,Automobile,Online,9
South,David,67056,11800,745,3.89,7508,12.87,Grocery,Retail,3
South,Eve,168562,38823,510,3.14,16023,2.25,Furniture,Wholesale,3
South,Bob,29975,44039,674,4.34,19265,3.18,Automobile,Wholesale,9
West,Eve,167795,19708,42,4.29,4118,25.12,Automobile,Retail,3
South,Bob,164351,13819,64,4.37,772,7.19,Clothing,Wholesale,8
East,Eve,152633,10369,963,2.94,13507,5.85,Electronics,Online,2
West,Charlie,98397,10283,528,2.33,18657,15.15,Clothing,Online,3
East,Charlie,190225,31573,765,4.17,3047,23.06,Electronics,Retail,2
West,Charlie,43142,14171,834,2.81,3664,1.86,Electronics,Retail,1
South,Charlie,36916,31933,647,1.73,14914,17.3,Automobile,Retail,2
East,Alice,74324,6774,21,4.42,14827,3.58,Electronics,Wholesale,8
West,Charlie,186037,7519,537,4.53,16076,1.09,Furniture,Wholesale,9
North,David,135932,11983,729,2.87,1446,1.58,Furniture,Online,2
South,David,145720,31932,564,1.3,15193,25.02,Furniture,Wholesale,7
West,Alice,176205,31798,382,2.55,17390,3.54,Automobile,Online,5
North,Charlie,191749,19133,493,4.21,16040,1.35,Clothing,Wholesale,3
West,Charlie,106059,15939,982,4.61,7219,13.14,Grocery,Online,9
North,Charlie,108317,1781,656,1.81,8935,25.32,Electronics,Retail,6
South,Eve,45046,28624,237,1.27,11850,7.87,Grocery,Wholesale,1
East,Bob,188136,7823,632,4.51,4090,12.65,Clothing,Online,5
North,Eve,111459,19489,316,2.56,10564,1.2,Clothing,Wholesale,7
West,Bob,55893,40961,466,3.17,18076,13.47,Automobile,Retail,4
South,Charlie,111520,30118,169,4.87,18348,17.33,Furniture,Online,8
North,Charlie,135818,35881,340,1.27,890,17.13,Furniture,Wholesale,5
West,Eve,71272,17280,785,3.59,13168,9.97,Clothing,Wholesale,9
West,Eve,77649,23263,234,1.3,12069,9.47,Automobile,Retail,9
West,Bob,74674,14565,992,2.5,13529,3.2,Automobile,Retail,9
North,David,154832,21354,738,4.22,13607,11.0,Electronics,Online,1
North,Bob,162999,43951,513,2.73,3060,2.98,Furniture,Wholesale,2
North,Eve,96475,26643,465,4.99,6367,23.0,Clothing,Wholesale,3
East,Eve,71367,24648,54,3.24,15784,28.99,Grocery,Retail,4
North,Alice,153660,42971,223,2.28,1711,29.1,Furniture,Retail,9
North,Eve,131750,19658,68,1.88,9621,25.95,Electronics,Online,6
North,Alice,128154,22253,653,2.4,2039,18.02,Automobile,Wholesale,1
East,David,193305,49563,625,2.49,17527,21.03,Clothing,Wholesale,9
North,Bob,54738,27390,204,1.27,9193,8.56,Furniture,Online,6
West,Bob,43397,24128,934,2.48,9421,18.92,Grocery,Online,4
North,Alice,92189,14489,498,2.86,18167,13.67,Electronics,Retail,4
West,Bob,86367,39314,166,3.89,10810,14.46,Electronics,Retail,3
West,Eve,130585,33658,619,3.63,13244,22.73,Furniture,Online,7
West,Charlie,86619,7852,235,3.84,4886,8.46,Grocery,Online,3
East,Alice,121453,30450,421,1.03,17803,9.54,Electronics,Wholesale,2
East,Bob,29816,3551,214,1.87,12742,27.74,Clothing,Online,8
East,Alice,183312,7411,88,3.65,19223,1.69,Electronics,Online,4
North,Alice,147348,34243,133,2.94,14757,14.57,Grocery,Wholesale,8
West,Charlie,89530,22800,480,1.02,9447,27.38,Automobile,Online,1
East,Eve,164571,11403,949,4.22,14446,18.31,Automobile,Retail,5
East,Alice,118856,8239,227,4.09,6430,16.39,Furniture,Retail,9
North,Bob,81635,7710,525,3.19,5902,7.49,Grocery,Wholesale,1
East,David,117803,22384,611,1.27,16517,10.3,Electronics,Online,4
North,Alice,45946,22038,113,4.07,1007,25.56,Electronics,Retail,6
South,Alice,65204,41846,402,3.33,1936,16.78,Automobile,Retail,8
East,Charlie,192958,23447,640,4.13,12118,15.44,Automobile,Retail,3
South,Eve,25563,3285,654,4.01,9250,2.99,Clothing,Retail,5
North,David,102324,38991,833,4.21,16622,0.48,Automobile,Online,7
West,Bob,19847,14521,617,3.07,7854,28.91,Clothing,Online,1
East,David,36155,48657,989,1.56,11794,11.31,Electronics,Online,7
North,Bob,89671,7971,443,3.68,14340,18.1,Clothing,Online,8
West,Eve,126891,30139,340,3.48,4899,2.39,Clothing,Retail,8
West,Bob,93310,20909,152,3.97,5537,20.49,Furniture,Wholesale,9
South,Charlie,159381,12531,809,1.68,16348,27.98,Automobile,Wholesale,6
North,Charlie,141691,15721,549,1.78,4215,17.27,Clothing,Retail,6
West,Charlie,191180,20206,287,4.56,15377,3.78,Electronics,Retail,2
East,Charlie,44707,38711,242,4.0,8337,17.45,Grocery,Wholesale,3
East,David,161409,7530,538,4.63,1801,22.99,Clothing,Wholesale,4
South,Eve,91537,12116,580,4.03,7870,12.19,Automobile,Retail,4
West,Bob,188686,1258,99,3.39,19039,26.4,Furniture,Retail,8
North,Bob,101155,1282,501,3.62,6911,19.46,Electronics,Online,1
East,Charlie,10281,14937,208,4.56,6865,26.98,Furniture,Online,4
West,Charlie,168492,2898,371,3.32,15949,18.71,Grocery,Wholesale,4
West,Alice,180102,5135,450,3.53,1192,3.94,Clothing,Retail,1
South,Eve,142130,7629,35,1.63,1978,9.29,Clothing,Wholesale,3
East,David,86260,44936,34,2.9,6896,6.05,Automobile,Online,5
East,Bob,169476,20584,403,3.87,8948,27.26,Clothing,Online,6
North,Alice,170928,24551,516,2.08,11122,22.81,Electronics,Wholesale,9
East,Alice,150272,34380,310,1.81,17325,20.29,Grocery,Online,9
North,Bob,74178,47971,348,2.26,10573,9.03,Furniture,Retail,9
East,David,43997,18071,276,1.97,3146,5.52,Grocery,Wholesale,1
South,Alice,166683,21074,470,1.86,5709,22.69,Clothing,Retail,9
East,Alice,129273,26188,702,2.7,7033,14.22,Furniture,Retail,8
North,Eve,182307,3307,465,4.63,7711,6.77,Automobile,Online,2
North,David,176129,40901,369,3.03,10427,18.5,Grocery,Retail,1
South,Alice,142311,12205,77,1.75,12427,1.21,Furniture,Wholesale,1
East,David,136945,6906,872,1.31,19529,9.79,Furniture,Retail,6
East,Bob,55272,3591,421,3.78,9816,14.06,Furniture,Retail,9
South,Charlie,99393,16149,980,2.53,12677,4.44,Electronics,Retail,7
East,Alice,71212,45918,500,4.29,11346,29.54,Grocery,Retail,5
East,Eve,156470,40951,842,3.64,8433,6.27,Furniture,Retail,2
North,Bob,130030,26150,58,4.18,5976,3.91,Grocery,Online,1
East,David,66503,32852,696,2.09,14353,6.11,Furniture,Wholesale,2
East,Bob,147710,43870,573,3.77,8428,23.07,Automobile,Online,1
South,Alice,16570,2283,111,2.06,2580,12.77,Automobile,Wholesale,3
South,David,78785,34691,225,4.76,6589,16.96,Automobile,Wholesale,6
West,Charlie,19110,2125,447,3.55,8297,0.63,Clothing,Wholesale,8
North,Bob,89141,2529,709,2.3,17745,1.03,Furniture,Wholesale,3
East,Alice,22115,27170,578,2.08,8846,13.37,Clothing,Wholesale,9
East,Eve,49062,9438,568,1.76,1404,24.5,Grocery,Retail,5
West,David,32911,21095,168,3.78,18153,26.56,Clothing,Online,7
East,Bob,114061,17154,498,1.87,17288,2.6,Grocery,Online,8
North,Bob,42556,9004,695,3.38,10474,16.15,Grocery,Retail,3
West,Charlie,138335,10752,251,2.06,1684,27.4,Grocery,Wholesale,2
North,Charlie,11969,44360,803,3.65,2225,11.64,Clothing,Online,2
West,Eve,53753,27819,762,4.26,11880,24.89,Furniture,Retail,5
West,Eve,145542,37632,891,4.11,13557,4.01,Clothing,Retail,1
South,Alice,131863,27515,14,4.04,6106,28.06,Furniture,Online,2
North,Alice,20225,25217,605,1.75,4456,22.54,Furniture,Online,9
East,Eve,133008,24172,829,1.35,17055,28.24,Grocery,Wholesale,7
East,Eve,164268,33994,370,3.8,19190,20.3,Clothing,Wholesale,6
North,David,115823,16036,468,2.47,16581,10.9,Furniture,Online,9
East,Charlie,23669,12739,257,2.73,921,28.15,Automobile,Wholesale,7
East,Alice,178452,33220,575,1.12,6040,8.27,Furniture,Retail,5
North,Charlie,134398,10587,682,2.04,16788,9.97,Automobile,Wholesale,9
West,Charlie,120677,45517,955,1.13,16466,21.02,Clothing,Wholesale,6
North,Eve,58320,31129,431,4.52,16382,22.96,Clothing,Retail,6
West,David,188486,1645,932,1.97,5175,27.88,Clothing,Wholesale,4
East,Bob,156649,31930,747,3.23,9582,6.14,Furniture,Retail,1
East,David,135354,17299,24,1.16,13509,23.94,Electronics,Wholesale,5
East,David,98009,31090,745,3.67,7248,22.16,Furniture,Online,9
South,Charlie,196481,22953,582,2.29,6603,1.91,Furniture,Wholesale,8
West,David,38625,47443,131,4.59,18357,11.62,Grocery,Online,8
South,Alice,34089,27475,286,4.55,19065,8.48,Grocery,Online,5
South,Charlie,46487,19888,567,2.3,19980,9.13,Furniture,Online,9
North,Alice,120448,44732,462,4.6,11848,29.49,Automobile,Online,3
South,Bob,60138,17087,399,4.98,10282,19.28,Grocery,Online,3
North,Charlie,183895,47305,303,4.3,6382,21.53,Furniture,Retail,1
North,Bob,178280,47037,583,4.38,6298,29.3,Electronics,Retail,9
South,Charlie,64061,10346,607,2.0,10127,11.32,Automobile,Retail,6
West,Eve,171731,1587,455,3.31,8915,24.06,Clothing,Online,2
West,David,111376,13763,219,1.27,12966,13.04,Furniture,Wholesale,8
West,Eve,172962,42945,599,1.38,10346,26.09,Furniture,Retail,9
West,Bob,89134,5079,723,5.0,13220,5.42,Automobile,Wholesale,9
West,David,57055,37116,311,2.31,9645,28.43,Grocery,Wholesale,2
South,Charlie,29508,21215,918,3.99,5024,6.56,Grocery,Online,2
South,David,183359,26817,232,4.23,7059,9.79,Grocery,Online,7
East,Alice,168056,25765,743,4.43,8120,22.69,Clothing,Online,4
West,David,120169,31112,12,4.99,19658,11.81,Automobile,Retail,1
South,Alice,18125,26556,999,1.97,3624,18.25,Automobile,Online,8
East,David,46059,19099,527,1.16,9171,13.34,Grocery,Retail,2
West,Alice,113409,44553,102,2.64,12206,22.27,Grocery,Retail,3
North,Bob,158159,46096,529,1.52,18237,6.85,Electronics,Retail,5
East,Eve,15704,7450,437,1.09,12570,1.75,Electronics,Retail,3
South,Charlie,121279,14230,502,2.44,8634,9.0,Furniture,Online,7
North,David,168280,30009,244,4.13,1424,14.23,Furniture,Retail,7
North,Eve,128516,6433,629,3.26,19054,5.04,Automobile,Online,2
North,Charlie,180954,34866,170,2.25,6006,10.64,Automobile,Online,7
East,Charlie,166995,40864,730,3.62,14150,12.0,Clothing,Retail,6
South,Alice,124044,19710,761,1.93,2895,1.72,Clothing,Online,9
North,Bob,39165,12439,340,1.06,15810,17.5,Electronics,Wholesale,9
West,Bob,77203,42855,342,4.06,8726,26.53,Furniture,Online,2
North,Eve,14114,17021,59,3.49,12281,4.55,Electronics,Online,7
North,Bob,46321,7416,532,4.05,6015,17.93,Electronics,Retail,5
East,David,83297,7980,872,1.16,19554,19.94,Furniture,Retail,6
East,Bob,106652,19058,677,4.35,3865,12.58,Clothing,Online,1
South,Eve,109304,12101,501,3.48,17472,21.03,Furniture,Retail,7
West,Bob,166498,41718,591,3.25,11910,12.32,Grocery,Wholesale,6
East,David,27772,33602,690,3.5,9595,15.14,Grocery,Wholesale,4
North,Alice,113754,10122,281,4.46,10861,0.22,Grocery,Retail,1
South,Eve,13712,13576,589,3.35,9031,20.75,Automobile,Online,9
North,Alice,142439,28516,876,3.32,4770,19.84,Clothing,Wholesale,4
North,Alice,125142,23433,261,4.96,10406,1.15,Clothing,Wholesale,2
East,Alice,101736,2089,569,4.03,17440,11.05,Automobile,Online,8
South,Charlie,61924,38346,705,2.77,11779,29.37,Electronics,Retail,2
West,Charlie,13726,10127,841,3.83,5952,12.62,Grocery,Wholesale,5
West,Alice,99152,11487,708,2.56,6977,15.06,Grocery,Online,6
East,Eve,37723,1155,99,1.92,17900,27.3,Electronics,Online,8
East,David,136969,2958,455,3.39,6970,21.52,Furniture,Wholesale,1
South,David,110494,11693,341,4.71,2562,17.46,Furniture,Retail,1
West,Bob,150180,40112,148,4.72,9530,23.93,Clothing,Wholesale,4
West,Eve,45643,39547,366,2.37,2313,25.93,Automobile,Online,5
West,Charlie,172396,29795,610,3.11,12171,13.71,Clothing,Wholesale,9
North,Alice,113896,22447,283,1.85,14808,14.25,Furniture,Retail,7
West,Bob,149999,37598,28,4.98,2813,11.58,Electronics,Online,7
North,David,103680,42814,992,4.92,10206,29.0,Clothing,Retail,8
South,Charlie,106546,26215,320,3.6,18115,20.91,Grocery,Wholesale,5
North,Charlie,163515,10794,879,4.22,10337,2.5,Grocery,Wholesale,5
South,Alice,89973,34209,895,3.86,6331,25.89,Electronics,Retail,1
West,David,73449,23424,987,3.37,19883,14.42,Furniture,Wholesale,9
West,Eve,119834,48246,163,1.21,4556,2.06,Grocery,Retail,6
South,Charlie,35537,38396,399,2.82,805,16.49,Grocery,Wholesale,9
East,Alice,87576,7370,269,3.7,14847,12.51,Automobile,Retail,3
South,Eve,117522,10528,629,3.71,2189,26.33,Clothing,Retail,5
East,David,32612,29276,892,2.49,4417,6.12,Furniture,Online,2
North,Charlie,16471,45333,806,4.77,3436,24.79,Clothing,Online,5
North,Eve,176703,9179,580,1.67,4362,16.73,Furniture,Retail,8
North,Eve,41348,49781,134,3.0,15006,1.64,Grocery,Wholesale,2
West,Eve,11177,17843,363,3.76,14818,29.16,Automobile,Wholesale,8
North,Charlie,145832,24952,282,3.79,15800,15.38,Clothing,Wholesale,4
East,Charlie,42779,34160,628,3.59,6149,8.73,Grocery,Retail,1
North,Bob,31636,45898,820,2.1,18703,14.08,Furniture,Retail,5
South,David,91889,30516,254,1.62,16174,25.74,Clothing,Retail,1
South,Alice,63551,11449,857,3.54,18226,9.15,Clothing,Retail,7
West,Eve,152628,22125,459,3.4,6060,5.78,Grocery,Online,8
South,Bob,168670,8418,939,1.72,15951,3.87,Clothing,Retail,3
East,Alice,152635,23746,256,3.82,19110,8.94,Automobile,Wholesale,3
North,Bob,56819,3454,529,2.82,1579,23.4,Automobile,Online,7
West,Charlie,83770,18761,150,3.67,14483,14.15,Grocery,Wholesale,4
North,Eve,168038,16223,371,4.35,15827,6.82,Furniture,Retail,3
North,Alice,168059,7701,17,1.68,13255,4.99,Grocery,Online,8
East,Alice,88714,3597,487,1.08,7735,9.98,Automobile,Retail,3
South,Alice,199420,1141,361,4.12,17697,28.2,Electronics,Online,7
South,Alice,34596,3659,504,3.44,2531,10.29,Electronics,Wholesale,2
North,Alice,174246,21980,615,3.8,9014,29.64,Clothing,Retail,1
West,Bob,74106,10031,842,4.35,9595,14.56,Clothing,Retail,6
South,Eve,69182,16037,436,4.21,14787,5.37,Electronics,Online,8
West,Charlie,97163,47738,48,4.84,6411,26.73,Automobile,Online,1
South,Charlie,49310,39429,602,3.14,12195,13.81,Clothing,Retail,9
West,Charlie,66088,7142,196,2.95,19537,21.29,Grocery,Online,3
East,Charlie,138803,13109,605,2.61,3840,29.51,Grocery,Retail,3
West,Bob,149978,23010,609,1.61,8376,1.51,Automobile,Online,4
East,David,46914,9787,763,3.29,16396,2.9,Clothing,Wholesale,1
East,Eve,120350,43864,863,2.11,12935,21.61,Grocery,Online,9
West,Alice,55379,9472,102,4.69,1641,8.45,Clothing,Wholesale,3
East,David,178722,24383,95,3.33,19781,5.53,Clothing,Online,4
North,Charlie,187953,5249,53,3.37,9781,1.18,Grocery,Online,1
East,David,56413,48717,146,2.42,2538,0.66,Electronics,Retail,4
South,Eve,147084,35518,430,1.21,4770,23.23,Grocery,Online,1
West,Alice,191187,19351,83,1.13,10546,4.03,Automobile,Online,5
North,Alice,17151,5088,557,2.69,5183,14.03,Furniture,Wholesale,5
West,Eve,67716,16282,622,1.34,17378,18.18,Grocery,Online,7
South,Eve,103747,20330,997,3.43,7616,12.85,Clothing,Retail,8
South,Charlie,177450,43409,521,4.52,2284,0.81,Clothing,Wholesale,4
South,Alice,183724,22778,165,4.53,4286,23.51,Grocery,Retail,7
East,David,154539,25264,947,3.64,9690,0.32,Furniture,Retail,4
East,Bob,172082,6075,264,1.84,5928,22.86,Grocery,Retail,3
West,Bob,131999,11412,180,4.45,7181,26.8,Furniture,Retail,6
West,Eve,124793,49454,990,4.54,7393,12.99,Furniture,Wholesale,4
North,Charlie,195763,29365,737,1.79,13161,16.07,Automobile,Online,3
North,Bob,118177,8230,179,3.95,15392,14.31,Clothing,Retail,9
West,Alice,22289,49200,773,2.15,10143,11.68,Clothing,Wholesale,5
East,Eve,186048,12002,881,4.21,10443,26.62,Furniture,Retail,7
South,David,184668,14947,331,4.99,10972,26.82,Clothing,Online,6
West,Eve,164243,14686,576,1.12,13492,10.07,Electronics,Wholesale,5
North,David,96365,30304,465,4.59,11626,18.45,Furniture,Wholesale,7
East,Eve,124014,14074,953,3.49,7369,27.81,Clothing,Online,6
West,Eve,185211,5493,612,4.89,8169,28.86,Electronics,Wholesale,2
West,Eve,189785,35228,799,2.86,12038,15.27,Automobile,Online,3
East,David,170806,15140,622,4.39,10565,13.58,Clothing,Wholesale,2
West,David,82588,32655,164,1.25,10671,8.36,Electronics,Wholesale,3
East,Eve,73646,44472,898,2.34,18196,28.77,Grocery,Online,1
South,Bob,13654,7816,358,1.27,3462,4.28,Grocery,Online,8
East,Charlie,28743,12639,460,4.9,14351,17.39,Electronics,Wholesale,6
East,Charlie,58368,48192,885,4.27,19822,8.48,Furniture,Wholesale,2
East,Charlie,147513,47733,662,4.41,13479,8.37,Furniture,Online,8
West,David,129735,30492,182,4.75,5796,12.15,Clothing,Online,6
West,David,165683,12240,19,1.34,15245,29.96,Grocery,Wholesale,7
East,Bob,129891,33698,749,2.54,6230,1.65,Furniture,Wholesale,1
West,Charlie,117971,27957,274,1.28,14421,17.36,Furniture,Wholesale,7
North,Charlie,22149,33808,447,1.84,626,2.48,Grocery,Online,3
North,Eve,110102,6827,769,1.92,6102,4.64,Automobile,Wholesale,8
West,David,69189,33762,256,2.88,18075,13.19,Furniture,Retail,6
West,Charlie,162747,9259,676,2.07,19523,15.31,Electronics,Online,4
East,Bob,81031,15849,555,1.4,13081,7.76,Clothing,Wholesale,8
South,Bob,52668,17232,508,1.67,16497,9.49,Furniture,Online,9
West,Charlie,154745,41572,138,1.59,18250,2.61,Furniture,Retail,2
North,David,98204,25173,681,4.89,9711,9.1,Automobile,Online,6
East,Bob,164741,6374,610,4.04,15497,29.0,Electronics,Wholesale,5
West,Eve,175140,22174,614,4.87,7171,28.34,Clothing,Retail,5
North,Bob,150507,24567,336,2.76,12771,10.05,Furniture,Retail,3
North,Alice,193321,36292,762,2.11,9376,17.13,Clothing,Wholesale,8
South,Alice,47384,10277,844,4.19,3387,27.29,Grocery,Wholesale,8
East,David,91929,32600,989,2.31,10154,0.19,Furniture,Wholesale,5
East,Charlie,137959,10885,413,2.2,4586,24.32,Furniture,Online,8
South,David,86153,1778,638,1.93,19145,28.45,Grocery,Online,8
South,David,85388,30165,615,1.52,4680,2.74,Automobile,Online,3
East,David,41401,2492,684,2.03,3341,4.84,Furniture,Wholesale,2
East,David,129503,31462,620,2.42,6540,28.82,Clothing,Wholesale,9
West,Eve,137834,14615,634,3.7,10804,16.13,Electronics,Online,2
West,Eve,44084,45900,368,1.25,5258,0.43,Clothing,Retail,9
South,Bob,120641,43946,612,1.84,17510,7.73,Automobile,Online,4
West,Alice,115111,8851,867,4.24,16734,13.5,Electronics,Retail,2
North,David,196898,17288,727,1.59,5514,20.79,Clothing,Wholesale,1
West,Bob,177523,8156,26,2.37,1875,21.99,Clothing,Wholesale,4
West,Alice,148299,3044,283,4.46,1681,29.86,Grocery,Online,9
North,Charlie,172982,8368,694,1.62,990,8.63,Automobile,Online,9
South,Eve,46041,20900,125,1.33,4229,16.15,Grocery,Wholesale,4
North,Alice,98920,31600,870,2.94,6474,16.0,Electronics,Online,9
West,Charlie,75681,47403,989,2.21,18824,12.17,Grocery,Wholesale,6
South,Alice,91571,26634,702,3.25,2382,5.07,Automobile,Wholesale,1
West,Eve,137556,10168,100,4.22,3487,29.32,Furniture,Retail,6
North,Eve,36160,21961,91,1.55,6085,25.6,Furniture,Online,9
North,Bob,27633,45096,333,3.32,3659,14.95,Electronics,Wholesale,2
West,David,27014,47087,970,3.02,5030,18.1,Furniture,Online,6
East,Alice,90532,24852,123,1.58,17565,6.82,Grocery,Retail,2
East,Alice,59104,34110,778,3.5,1573,16.31,Electronics,Retail,4
North,Charlie,182693,33174,67,2.09,14243,20.85,Automobile,Online,8
North,Eve,87231,35215,163,2.95,19271,15.46,Electronics,Online,7
East,Alice,78388,27955,886,1.33,3193,29.71,Electronics,Wholesale,9
East,Eve,26014,7581,413,2.84,10062,18.34,Clothing,Retail,7
West,Alice,102578,45619,637,2.23,4840,11.13,Clothing,Retail,1
West,Bob,174827,7317,864,4.29,2656,23.16,Electronics,Retail,2
East,David,50390,43856,275,1.23,16684,5.11,Furniture,Online,6
West,Alice,33711,46714,324,2.67,8466,11.54,Clothing,Wholesale,7
West,Eve,101658,27649,724,2.83,3080,10.41,Automobile,Online,3
South,Bob,67993,24132,50,3.9,7757,12.95,Grocery,Online,9
West,Alice,168285,17789,114,3.3,2659,23.45,Clothing,Online,7
North,Charlie,198856,15567,910,3.67,16672,14.53,Electronics,Wholesale,6
West,David,17421,15868,899,4.11,14400,23.82,Furniture,Online,6
West,Alice,27727,25370,202,4.45,11940,17.29,Grocery,Retail,1
East,Bob,122418,43533,410,2.26,15178,10.26,Clothing,Retail,5
North,Charlie,14358,31483,287,3.15,14936,24.3,Furniture,Retail,3
West,Bob,75108,13466,363,4.36,12521,7.15,Furniture,Wholesale,7
West,Bob,104018,29803,758,4.96,7272,6.73,Furniture,Online,3
South,Charlie,134457,19230,946,4.56,2127,15.14,Electronics,Wholesale,5
West,Bob,173189,18862,742,2.49,12164,7.83,Automobile,Online,7
West,Charlie,41910,44355,589,1.78,8719,0.27,Furniture,Retail,3
South,Alice,136888,32259,718,2.96,18869,19.45,Grocery,Online,2
East,Charlie,65754,34539,265,3.97,10213,15.33,Clothing,Online,6
West,Charlie,119847,22909,660,2.97,8988,13.37,Grocery,Online,8
South,David,170443,31795,833,2.93,2681,29.01,Electronics,Wholesale,4
North,Charlie,192573,9770,956,4.35,12094,17.14,Electronics,Online,9
East,Charlie,48467,12093,670,2.45,19180,25.9,Grocery,Online,8
North,Alice,158697,47571,108,4.44,7664,4.18,Automobile,Online,7
North,David,43893,1193,597,2.63,19481,17.08,Electronics,Wholesale,7
South,Eve,86329,35775,291,2.31,1401,26.04,Electronics,Wholesale,3
West,Alice,41007,18569,892,2.82,9790,17.49,Grocery,Wholesale,6
South,Alice,180604,12190,412,4.05,18561,21.54,Electronics,Online,5
South,Eve,64253,43752,118,1.5,3381,11.16,Automobile,Retail,1
South,Charlie,22323,33327,709,1.79,13558,2.77,Automobile,Retail,3
South,Bob,121335,43070,208,4.81,6122,13.74,Automobile,Retail,1
East,David,122356,21389,312,1.7,1878,11.83,Clothing,Online,4
West,Bob,120944,41197,336,3.27,18132,26.01,Automobile,Retail,3
North,Eve,155282,3261,163,3.32,6150,7.32,Automobile,Retail,4
North,Alice,26456,29369,561,2.96,12933,29.0,Clothing,Retail,9
West,Alice,41367,27512,654,3.58,9956,28.74,Furniture,Online,3
North,David,64624,7716,414,1.92,7536,7.43,Electronics,Retail,6
West,Alice,151178,22259,471,3.21,6987,10.44,Automobile,Retail,6
North,Alice,78008,29933,141,2.49,17942,26.87,Electronics,Online,7
South,David,135926,42689,800,3.65,18932,29.0,Grocery,Wholesale,9
North,David,125395,5378,883,1.56,4748,13.3,Electronics,Retail,7
West,Eve,126492,41583,93,3.28,19360,9.63,Clothing,Wholesale,1
West,Alice,82240,47546,408,1.74,5103,15.78,Electronics,Retail,8
West,Alice,74315,20835,763,2.11,13132,20.63,Electronics,Online,5
West,Eve,20756,30033,637,1.87,720,8.2,Electronics,Wholesale,9
West,Charlie,46378,25000,118,1.73,14726,22.09,Furniture,Wholesale,5
East,Charlie,145327,46496,230,4.3,5318,1.55,Furniture,Wholesale,5
East,Charlie,155556,11332,913,2.14,7849,1.48,Grocery,Wholesale,2
North,Eve,135703,43604,562,4.71,6118,11.59,Clothing,Retail,3
West,Alice,66549,3800,377,4.88,10356,10.6,Electronics,Retail,9
North,Eve,175575,30538,156,3.29,5076,9.47,Electronics,Wholesale,7
West,Eve,83794,31119,121,1.57,18755,14.73,Electronics,Retail,1
West,Charlie,55113,9333,624,2.5,15707,9.62,Electronics,Wholesale,3
East,Bob,84069,6410,567,4.19,1962,5.77,Furniture,Wholesale,2
East,Alice,146321,18839,933,2.47,16405,9.28,Grocery,Online,1
South,Charlie,160273,31519,503,1.35,16752,29.25,Automobile,Wholesale,9
East,Bob,135541,6808,514,3.23,8736,12.33,Clothing,Retail,8
South,Bob,199648,7796,484,4.38,8313,13.34,Electronics,Wholesale,5
South,David,19686,22180,845,4.18,2568,17.3,Grocery,Online,2
South,Alice,63363,44056,899,1.7,6253,29.5,Automobile,Retail,1
South,Bob,107543,18709,280,3.69,7737,7.25,Grocery,Online,7
South,Charlie,141733,18543,430,1.88,14675,20.44,Furniture,Online,2
North,David,185915,38418,906,1.87,6691,21.48,Automobile,Wholesale,1
East,Alice,105673,30075,716,4.5,18398,18.22,Grocery,Online,2
South,Eve,52828,38755,376,2.0,19482,2.66,Furniture,Online,7
West,Charlie,58604,48968,289,2.05,15122,20.31,Grocery,Retail,7
East,Bob,20526,38465,292,1.0,1501,1.92,Grocery,Online,6
East,Bob,78910,31502,49,4.48,17917,17.88,Automobile,Wholesale,5
South,Charlie,35592,17724,968,4.17,15377,22.19,Furniture,Wholesale,3
North,Bob,38982,4828,198,3.51,10732,6.33,Electronics,Wholesale,3
South,David,10207,18087,173,4.0,4976,25.25,Clothing,Online,9
North,Alice,98733,13605,998,1.61,17362,0.91,Automobile,Retail,4
West,David,134982,32337,545,2.83,1015,25.31,Furniture,Wholesale,9
East,Bob,78619,6482,545,2.4,12978,13.81,Grocery,Online,4
West,Eve,170400,28005,13,1.38,1691,6.53,Furniture,Wholesale,2
North,Alice,56479,23760,844,2.94,11360,4.01,Clothing,Wholesale,4
North,Alice,161175,6463,299,4.68,13948,28.6,Clothing,Retail,6
West,Charlie,180963,47628,962,1.16,6797,2.18,Electronics,Wholesale,6
North,Charlie,151826,5912,442,2.17,17155,5.97,Electronics,Retail,5
West,Eve,91437,5648,480,1.83,8834,10.43,Clothing,Online,1
East,Alice,108540,34623,190,1.95,6508,18.61,Automobile,Wholesale,3
West,Eve,82982,36634,257,4.63,8487,16.34,Automobile,Online,5
East,Charlie,112747,45602,637,2.87,3832,3.77,Grocery,Online,6
West,Charlie,196994,4112,288,2.87,1287,8.69,Electronics,Online,1
North,Alice,58231,23054,886,4.04,6722,7.16,Grocery,Wholesale,9
West,David,39301,5492,590,1.62,10373,6.41,Electronics,Retail,3
North,Bob,182395,23207,872,2.95,17506,12.33,Clothing,Wholesale,3
West,Charlie,28752,16114,263,2.72,4176,21.12,Automobile,Online,2
West,Charlie,108452,35285,190,3.39,3072,6.52,Automobile,Retail,8
South,David,154467,17018,839,5.0,7415,11.0,Clothing,Online,3
North,David,131237,22386,690,4.08,5533,11.73,Grocery,Retail,6
South,Eve,66273,18740,834,2.59,8288,29.29,Grocery,Wholesale,2
North,Eve,101878,45199,518,4.31,16189,28.64,Furniture,Retail,7
South,Bob,14895,9210,770,1.68,11952,24.0,Electronics,Wholesale,4
East,Bob,129968,45363,709,1.12,5212,7.25,Grocery,Online,9
West,Alice,125700,46639,575,1.82,566,2.04,Clothing,Retail,9
North,Eve,86559,13743,335,2.36,16355,9.51,Grocery,Online,7
North,Charlie,20699,43092,366,3.04,12978,8.0,Automobile,Retail,8
West,Eve,19715,45299,834,3.46,8033,15.18,Electronics,Wholesale,3
North,Charlie,29169,7588,659,4.64,15603,23.33,Furniture,Retail,5
North,David,128413,4311,689,3.04,5116,25.75,Electronics,Retail,2
South,Eve,157235,23432,400,3.01,13777,25.35,Automobile,Wholesale,7
North,David,129264,34755,624,1.2,18024,10.79,Automobile,Wholesale,8
East,Bob,15782,4321,943,1.14,6230,20.62,Automobile,Wholesale,9
East,Bob,134481,16812,94,3.2,11224,9.39,Automobile,Retail,7
West,Alice,45585,38383,326,2.75,12272,1.83,Clothing,Online,8
North,Eve,40682,49280,221,4.36,16768,21.05,Furniture,Retail,9
West,David,188936,14146,524,1.64,13440,0.29,Automobile,Retail,6
East,Charlie,139992,14654,393,1.1,17432,12.28,Automobile,Online,2
North,Bob,94416,36820,700,2.8,15143,9.88,Grocery,Wholesale,2
North,Bob,196186,1726,351,1.95,698,20.8,Furniture,Retail,4
West,Charlie,137810,4760,824,1.2,17455,22.99,Electronics,Online,9
East,David,48067,23190,973,3.9,17674,9.12,Furniture,Wholesale,7
North,David,183757,2875,997,1.45,10330,24.35,Furniture,Wholesale,2
West,Eve,28073,24377,853,3.43,14298,8.82,Furniture,Retail,8
East,Eve,46035,47737,47,2.12,18058,13.39,Automobile,Wholesale,7
West,Alice,100373,5033,520,1.69,11969,21.81,Automobile,Wholesale,9
South,Bob,93362,39211,429,2.52,678,20.79,Clothing,Online,8
North,Eve,100517,18373,760,4.21,19128,29.62,Electronics,Online,3
South,David,75450,4744,178,2.57,17618,6.75,Grocery,Wholesale,1
East,Charlie,20382,25995,974,4.0,1298,19.87,Furniture,Online,2
South,David,145509,17977,918,1.5,8101,18.29,Electronics,Wholesale,2
South,Bob,71929,33402,352,4.09,3295,27.45,Electronics,Retail,4
East,David,108864,35542,835,1.95,12996,4.69,Clothing,Online,6
West,Alice,153401,11651,315,3.71,5088,22.55,Grocery,Wholesale,4
South,Bob,35169,34703,551,3.26,7797,17.05,Furniture,Wholesale,9
West,Charlie,97468,14395,711,4.72,3584,8.24,Grocery,Online,4
South,Alice,44594,30808,878,2.55,11610,14.23,Clothing,Online,6
West,Bob,55033,37576,546,1.26,1231,10.01,Automobile,Retail,6
East,Charlie,73133,17715,121,1.08,1629,17.38,Electronics,Wholesale,1
South,Alice,83861,45409,420,4.31,2105,26.67,Furniture,Retail,8
East,Alice,193362,25306,956,3.1,12470,17.08,Automobile,Retail,3
South,Bob,41750,20086,215,4.1,11437,18.95,Clothing,Retail,6
East,Eve,50461,15376,194,1.94,11862,15.56,Grocery,Online,3
East,Alice,88222,6889,391,2.38,3433,1.53,Electronics,Retail,2
South,Alice,122020,38822,505,1.12,15687,6.99,Furniture,Online,5
South,Charlie,34226,37636,388,4.85,5574,14.76,Automobile,Online,1
South,David,16721,21584,56,3.67,14537,9.31,Automobile,Retail,9
North,Bob,197226,35610,895,4.73,7599,5.45,Electronics,Retail,7
West,Bob,30609,11058,749,2.06,18374,15.12,Grocery,Wholesale,3
North,Eve,193202,10101,560,3.45,1393,9.68,Clothing,Retail,4
North,Eve,140513,13497,537,3.71,1890,7.74,Grocery,Wholesale,6
East,Bob,114211,5658,513,2.27,4739,13.92,Grocery,Retail,3
South,Eve,196321,12381,31,4.39,19147,4.0,Grocery,Retail,7
West,Charlie,189967,41312,222,4.79,3932,27.83,Electronics,Retail,6
East,Bob,146728,41486,319,4.54,2871,26.03,Electronics,Retail,9
North,Eve,134865,47619,670,3.96,2015,21.23,Clothing,Wholesale,5
South,Bob,84520,18154,977,2.11,16406,3.19,Grocery,Wholesale,4
East,David,74309,20539,762,2.13,6826,23.28,Electronics,Retail,3
South,Alice,39984,12777,281,4.85,15105,24.24,Clothing,Retail,1
East,Bob,128947,35396,580,1.04,6086,23.03,Clothing,Wholesale,3
South,Alice,15901,31373,808,3.86,3417,3.42,Grocery,Online,3
North,Eve,172624,34154,947,3.82,16401,19.32,Furniture,Online,7
West,Alice,41055,7031,211,3.49,18051,25.03,Grocery,Online,7
North,Bob,178757,28997,41,4.96,4293,17.32,Furniture,Wholesale,1
West,David,155788,7439,452,2.25,10447,19.39,Clothing,Wholesale,3
South,Eve,124099,23785,171,2.36,16359,13.75,Electronics,Online,8
East,Bob,21138,14392,776,1.32,2077,15.86,Automobile,Online,9
North,Eve,176370,29669,263,2.77,9988,1.03,Clothing,Retail,7
West,Charlie,192184,29939,530,2.04,19104,19.17,Electronics,Wholesale,7
North,Alice,33429,3282,986,2.37,9664,2.44,Clothing,Wholesale,8
West,Charlie,60200,35624,660,4.34,1530,13.05,Grocery,Online,6
North,Bob,189316,49438,489,4.74,16381,8.78,Furniture,Online,3
West,David,111268,25364,19,1.74,11285,16.36,Clothing,Wholesale,1
West,Eve,27347,2998,735,2.49,7191,4.0,Electronics,Retail,7
South,Alice,157992,32705,514,4.71,17797,20.75,Grocery,Online,1
West,Eve,41822,39244,794,1.25,6858,23.85,Automobile,Wholesale,1
South,Bob,187731,10428,845,1.37,19065,4.9,Grocery,Wholesale,9
West,Eve,50108,38437,569,1.65,1962,3.13,Furniture,Retail,7
East,Alice,138955,13336,445,3.38,16011,4.37,Grocery,Retail,4
East,Bob,17967,10342,120,1.6,11070,26.31,Automobile,Online,6
East,Eve,120719,40832,162,4.87,16397,15.85,Electronics,Online,1
West,David,21871,8446,644,2.79,12146,14.02,Clothing,Online,7
South,Bob,174685,39392,926,3.01,15974,3.2,Furniture,Wholesale,6
South,Bob,38179,8461,878,1.99,7537,19.49,Automobile,Online,4
West,David,193260,35587,111,2.88,9999,26.04,Furniture,Wholesale,7
East,Charlie,65099,11516,762,3.65,13886,24.85,Grocery,Online,3
East,Alice,45262,14749,842,4.0,6721,18.78,Furniture,Retail,1
South,Charlie,88213,18514,200,4.02,8269,2.26,Automobile,Retail,4
East,Eve,127407,36426,738,3.31,17571,3.37,Clothing,Wholesale,3
North,David,159340,37268,572,4.62,14856,1.48,Clothing,Retail,1
South,Charlie,96269,25950,813,4.27,18778,7.72,Furniture,Wholesale,2
East,Bob,70545,35888,90,4.03,7889,4.07,Electronics,Wholesale,5
South,Eve,49922,37788,498,1.22,5422,7.8,Furniture,Retail,8
North,Eve,52913,11213,904,1.03,14139,11.55,Grocery,Wholesale,1
South,Charlie,107033,37027,97,1.85,10503,28.29,Clothing,Retail,4
South,Charlie,114792,29011,203,3.65,5678,18.31,Clothing,Online,4
South,David,196749,43849,113,2.64,15740,25.05,Clothing,Online,5
South,Alice,190913,35591,792,2.61,4468,21.31,Electronics,Retail,7
North,Charlie,187404,18858,105,4.54,3216,3.38,Electronics,Retail,8
West,Charlie,129863,19626,432,4.58,17074,22.08,Automobile,Retail,6
South,Bob,166104,14467,900,4.64,14011,8.25,Furniture,Retail,1
South,Eve,178918,40758,207,2.26,18219,19.17,Furniture,Online,7
East,Alice,54936,4134,10,3.76,8681,10.23,Grocery,Wholesale,3
South,Bob,170866,17743,416,2.09,13495,29.93,Clothing,Wholesale,6
East,David,191403,16434,387,1.76,11798,7.91,Electronics,Online,8
West,David,38141,48775,176,1.74,17262,8.37,Grocery,Wholesale,7
North,Charlie,150146,11233,518,2.37,6880,27.92,Grocery,Online,6
North,Charlie,147478,2141,647,2.72,1115,0.74,Electronics,Wholesale,9
West,David,107359,19019,322,4.32,19214,20.9,Furniture,Retail,9
North,Charlie,133279,21384,602,1.48,18638,21.76,Clothing,Retail,1
West,Alice,164363,43903,427,3.94,963,25.09,Furniture,Retail,1
West,Charlie,51568,46734,772,3.13,9658,29.23,Grocery,Online,1
West,Eve,107539,37129,690,2.15,3658,29.27,Clothing,Online,8
North,Charlie,56851,23967,486,2.97,13934,1.96,Automobile,Wholesale,7
East,Bob,64823,41603,82,2.2,5438,24.66,Grocery,Wholesale,3
West,Alice,33312,12172,150,3.38,5917,19.39,Furniture,Wholesale,2
South,Bob,184180,17390,591,2.74,9381,19.42,Furniture,Online,4
North,Bob,175243,4267,271,1.66,6103,3.85,Furniture,Wholesale,3
West,Eve,182851,40332,349,1.47,2712,19.51,Electronics,Retail,7
West,Alice,108723,27167,317,3.19,17266,29.47,Grocery,Wholesale,8
South,Alice,22411,22312,254,4.61,19140,27.35,Clothing,Retail,6
East,Alice,67009,28840,524,2.38,12195,13.17,Furniture,Online,3
East,Alice,156494,19990,346,3.93,18296,1.2,Furniture,Retail,6
East,Alice,183540,45179,584,3.63,10275,10.87,Electronics,Retail,2
West,Eve,42371,6906,570,4.73,15059,24.79,Clothing,Retail,7
West,Charlie,67022,49796,85,4.28,6646,21.04,Grocery,Online,7
West,Bob,81229,41379,889,3.27,871,13.78,Automobile,Online,4
North,Alice,109071,18297,184,3.63,6065,1.65,Electronics,Online,8
South,Charlie,192268,3011,118,4.59,9302,12.81,Grocery,Online,4
West,Charlie,106774,45014,192,2.6,8807,14.07,Automobile,Wholesale,7
South,Bob,36715,47558,201,2.31,7937,27.86,Furniture,Online,4
South,Eve,37605,12738,74,1.04,946,19.23,Furniture,Retail,5
East,David,109853,29797,858,4.31,1891,9.35,Clothing,Online,7
North,David,41174,48498,972,4.2,12016,15.76,Automobile,Wholesale,3
West,Charlie,151028,12120,483,1.42,18224,1.98,Furniture,Wholesale,5
East,Bob,86373,9767,792,3.31,15954,29.18,Furniture,Wholesale,3
East,David,79252,23852,109,2.86,19823,10.8,Clothing,Retail,5
West,Charlie,80017,14703,553,1.47,12391,14.34,Grocery,Online,3
South,Eve,73037,1929,873,4.92,15498,10.66,Furniture,Online,7
East,David,99818,12951,137,1.86,6469,20.48,Electronics,Online,1
South,Charlie,16548,27039,461,1.27,9765,19.87,Electronics,Retail,9
North,Charlie,126981,49613,923,3.38,16361,21.46,Grocery,Retail,9
South,Alice,164249,30504,378,3.96,5954,8.04,Automobile,Wholesale,5
North,Eve,34022,18438,860,1.13,3650,9.47,Clothing,Wholesale,9
South,Alice,116297,49515,52,3.63,15886,3.76,Electronics,Online,6
East,Bob,146614,6744,893,3.13,6914,19.67,Electronics,Retail,5
East,Alice,70428,19284,428,1.41,5157,1.19,Grocery,Retail,3
North,Alice,163812,43417,497,1.69,10986,17.93,Automobile,Online,8
West,David,69353,40748,87,3.27,15394,26.09,Automobile,Online,4
North,Charlie,123132,8069,835,2.19,5980,26.72,Grocery,Wholesale,3
North,Eve,197604,43359,810,4.75,8533,13.47,Electronics,Wholesale,6
South,Alice,26052,20799,279,4.27,1483,13.78,Clothing,Wholesale,8
South,Eve,110689,34210,683,4.93,9043,2.31,Electronics,Online,9
North,Alice,188148,29226,710,2.04,10416,20.12,Automobile,Online,6
East,Bob,194492,5652,768,4.88,10643,24.64,Electronics,Wholesale,5
South,Alice,141743,25323,909,2.72,16081,7.34,Clothing,Wholesale,2
West,David,10163,43138,737,2.39,2407,12.64,Furniture,Retail,2
South,Charlie,51424,8597,324,1.2,9716,25.17,Electronics,Retail,9
South,Bob,194816,48093,934,1.21,9237,26.31,Grocery,Wholesale,2
West,Alice,151706,38226,860,3.77,14257,7.3,Furniture,Wholesale,2
North,Eve,145870,7591,911,2.83,4674,16.52,Grocery,Retail,3
West,Bob,32420,26833,898,1.91,16208,5.77,Grocery,Wholesale,3
North,Bob,130575,12826,954,3.46,9797,3.06,Grocery,Retail,4
North,Alice,39300,27417,177,2.01,2490,27.33,Electronics,Retail,7
North,Bob,99881,19693,348,3.31,6096,24.62,Automobile,Retail,9
West,Eve,20749,15138,202,2.44,16874,22.8,Furniture,Online,2
North,Bob,114131,3169,462,4.29,4275,1.46,Clothing,Online,4
East,Eve,166193,19556,292,4.28,18945,25.31,Automobile,Wholesale,9
West,Alice,138563,23052,345,2.91,16206,13.14,Electronics,Retail,2
East,Charlie,47487,7313,399,2.4,15145,10.27,Grocery,Online,1
North,Bob,174433,9315,534,2.45,14168,16.39,Clothing,Wholesale,8
South,Charlie,31223,9036,249,4.22,16460,2.74,Furniture,Wholesale,9
North,Eve,82930,32778,841,2.31,11857,22.7,Automobile,Wholesale,7
East,Bob,155128,28734,967,1.84,4935,17.47,Automobile,Wholesale,8
East,David,38380,24173,492,1.34,19528,5.6,Clothing,Wholesale,4
West,Charlie,36035,31403,668,2.87,16304,5.65,Electronics,Retail,4
South,Bob,40620,1785,725,2.93,17929,5.53,Furniture,Wholesale,2
West,Charlie,160949,7139,601,4.36,15126,1.71,Clothing,Retail,8
East,Bob,196388,7344,900,1.88,8451,17.63,Grocery,Online,2
North,Alice,127360,19800,564,2.52,6949,25.21,Furniture,Wholesale,9
South,Charlie,63352,26372,467,4.23,19565,0.52,Automobile,Online,4
North,David,171983,21538,98,4.29,3699,1.47,Clothing,Retail,1
North,David,173856,15973,669,2.54,7268,17.18,Automobile,Retail,4
South,Eve,13191,6619,104,2.84,9630,24.58,Automobile,Online,3
West,Bob,174232,35704,461,2.21,9133,9.8,Automobile,Wholesale,6
North,Charlie,100536,37575,437,4.73,19434,10.49,Electronics,Wholesale,7
East,Eve,114576,40919,160,1.47,4725,17.89,Automobile,Online,8
North,Charlie,190795,43261,523,4.73,17480,8.23,Grocery,Online,2
South,Bob,13631,46123,385,3.74,6554,0.8,Grocery,Online,6
South,David,147244,28716,31,3.13,2005,22.06,Furniture,Wholesale,6
South,Alice,52080,4236,892,1.13,9553,18.77,Automobile,Wholesale,5
West,David,100353,16848,322,2.9,16249,17.42,Automobile,Wholesale,7
North,Eve,161353,3352,849,2.63,11332,22.25,Clothing,Online,3
West,Alice,38671,2932,528,1.64,16844,20.26,Electronics,Wholesale,4
West,Eve,132811,11913,215,3.63,15283,6.18,Furniture,Retail,9
South,Bob,192503,9556,961,4.88,2051,10.57,Automobile,Online,4
South,Alice,137734,22300,384,3.25,15654,3.78,Clothing,Wholesale,3
West,Eve,169674,6498,460,3.86,14299,3.9,Electronics,Online,2
North,Bob,61399,11582,635,1.27,7352,20.29,Furniture,Retail,5
East,David,164544,47633,793,2.67,1949,25.76,Furniture,Retail,4
West,Bob,190302,10569,604,1.47,3159,28.88,Automobile,Online,8
North,Charlie,17099,5857,188,3.45,8009,18.85,Furniture,Online,7
South,Bob,166503,1340,219,4.75,3221,5.52,Clothing,Retail,6
South,Bob,66492,44949,509,3.65,12944,3.17,Furniture,Online,2
North,Charlie,106722,17766,473,1.31,10137,24.39,Grocery,Retail,3
East,Eve,188756,27132,849,2.42,10990,17.36,Clothing,Retail,9
South,Eve,40111,9491,133,3.2,3425,18.55,Electronics,Wholesale,9
South,Bob,73936,1138,122,2.61,10324,23.44,Electronics,Online,5
South,Charlie,163686,1358,21,4.33,6740,21.1,Automobile,Online,3
North,Charlie,183063,10714,135,4.26,17396,25.03,Automobile,Wholesale,2
West,David,70920,20840,574,3.45,715,1.69,Grocery,Retail,8
South,Eve,73530,35395,340,2.49,7799,22.43,Electronics,Online,6
West,Alice,177296,31654,910,2.02,12023,25.53,Electronics,Wholesale,7
East,Eve,17788,26879,292,1.42,10864,8.58,Electronics,Wholesale,1
South,Eve,38082,16996,149,2.42,3653,19.21,Electronics,Online,1
South,David,133287,38772,410,2.65,2206,9.42,Furniture,Wholesale,2
East,Alice,99570,27762,911,3.7,10798,28.74,Clothing,Retail,3
South,David,111015,14283,106,3.63,2067,1.0,Clothing,Wholesale,1
West,Alice,93588,40420,526,1.28,10900,17.39,Grocery,Retail,5
North,Bob,157603,20554,578,2.58,10845,5.0,Furniture,Retail,3
West,Alice,98340,21219,933,1.73,1628,21.37,Electronics,Online,1
North,David,104439,35919,855,1.63,8367,5.28,Electronics,Wholesale,8
North,Eve,185929,10429,78,4.31,19249,7.06,Automobile,Retail,6
West,Alice,151214,47840,127,1.17,6083,14.83,Automobile,Retail,9
West,Alice,125053,45695,897,2.68,5397,27.45,Grocery,Wholesale,3
West,Charlie,58355,40673,68,1.67,6501,6.35,Electronics,Retail,9
West,Eve,150938,20218,42,4.52,11613,4.33,Grocery,Wholesale,9
East,Bob,135426,13452,327,3.23,5067,22.77,Furniture,Online,1
South,David,74027,49980,59,1.93,9771,15.02,Clothing,Retail,3
North,Bob,198978,19951,889,3.01,14848,27.35,Electronics,Retail,6
West,Eve,169210,2307,498,3.93,12203,4.4,Furniture,Wholesale,8
West,Alice,102601,15852,28,4.83,13829,19.38,Electronics,Wholesale,4
West,Alice,39956,26232,735,1.88,3241,6.99,Automobile,Wholesale,5
East,Eve,114797,36428,206,4.54,19904,4.7,Grocery,Wholesale,9
West,Alice,134917,44171,900,4.74,6756,20.5,Automobile,Retail,6
West,Alice,136303,27485,459,4.67,728,17.81,Clothing,Online,7
West,Alice,146511,11238,999,3.54,17178,22.64,Automobile,Online,7
South,David,188313,39975,568,3.52,4784,9.28,Electronics,Online,4
East,David,52533,2140,688,2.61,13764,13.44,Automobile,Online,4
West,Charlie,169342,25842,461,4.01,13890,12.16,Electronics,Wholesale,4
North,Bob,88815,27421,298,3.13,1418,29.52,Clothing,Retail,5
North,Eve,49279,2708,150,3.71,11945,8.77,Automobile,Retail,5
North,Eve,119787,4630,93,2.71,998,8.84,Grocery,Retail,8
East,Eve,164960,20595,703,3.93,3309,10.64,Grocery,Wholesale,9
East,Charlie,158702,11485,400,4.3,5461,16.94,Grocery,Retail,2
North,David,71063,29308,600,1.59,9517,7.57,Automobile,Wholesale,7
West,Charlie,137896,45789,224,4.33,4279,27.46,Automobile,Retail,1
East,Eve,176216,27086,535,3.16,10550,7.97,Automobile,Online,1
North,Bob,193233,17859,224,4.38,2618,26.87,Electronics,Wholesale,4
North,Alice,192051,8684,412,2.73,6891,3.1,Clothing,Retail,7
West,David,107661,26552,137,2.52,645,19.7,Grocery,Online,2
South,David,148051,2207,831,4.66,14429,27.21,Electronics,Online,2
East,Charlie,167261,47099,486,2.0,15417,5.06,Grocery,Online,1
West,David,183672,2960,769,4.38,5065,29.05,Electronics,Wholesale,2
North,Eve,133257,1557,413,2.94,17076,13.59,Automobile,Wholesale,7
North,Eve,96205,30689,38,3.06,7137,28.37,Grocery,Retail,9
West,Charlie,16910,49651,801,2.23,8743,20.3,Automobile,Online,6
East,Eve,198785,14893,347,3.29,2910,9.05,Grocery,Retail,2
South,Bob,56857,33272,840,2.3,2320,5.65,Furniture,Retail,9
South,Charlie,44964,1882,723,1.16,19848,9.11,Electronics,Online,7
North,Bob,166299,38529,370,2.09,3021,2.79,Furniture,Retail,1
East,Alice,147050,39635,578,1.03,19452,4.32,Electronics,Wholesale,9
South,Bob,27153,30535,401,4.91,6382,3.14,Clothing,Retail,2
East,Alice,69765,13869,227,4.86,2367,12.69,Grocery,Online,4
East,Alice,118212,8166,583,2.58,7965,23.87,Clothing,Wholesale,9
North,Bob,49071,13982,678,3.91,11961,4.24,Clothing,Wholesale,4
South,Charlie,122990,41697,211,2.38,6603,3.91,Electronics,Retail,3
West,Eve,79519,39115,26,3.68,12697,19.3,Furniture,Retail,1
North,Eve,19503,8269,331,4.22,15924,5.92,Automobile,Wholesale,7
South,Alice,105457,29064,527,4.79,16553,2.93,Electronics,Retail,6
South,Alice,198938,14527,579,2.6,740,5.01,Automobile,Online,4
South,Charlie,157977,3454,334,4.13,5131,27.71,Clothing,Retail,6
South,David,55838,21878,421,2.06,10099,24.64,Automobile,Retail,6
South,Bob,135200,13991,327,4.96,12194,10.62,Furniture,Wholesale,4
East,Alice,199351,3808,690,1.1,5577,19.67,Electronics,Retail,6
North,Eve,99489,40410,974,3.41,4268,16.12,Furniture,Retail,8
East,Charlie,36806,37593,91,3.64,9642,20.31,Furniture,Retail,3
West,Bob,186072,37304,483,3.75,8495,20.48,Electronics,Online,4
South,Charlie,163240,31386,477,1.48,13776,18.86,Furniture,Retail,1
North,Bob,80119,49077,434,4.75,13246,7.98,Grocery,Online,4
South,Bob,48714,4802,954,1.72,11975,1.17,Grocery,Online,9
North,Alice,195165,29753,740,3.49,19057,13.67,Grocery,Online,8
East,Charlie,65419,22083,698,1.89,7068,26.73,Automobile,Online,4
North,Charlie,190217,19354,213,2.23,3101,17.08,Furniture,Wholesale,7
West,Eve,115432,23190,592,3.19,19541,24.97,Electronics,Online,3
West,Eve,102949,7142,396,2.67,6580,29.75,Electronics,Retail,9
North,Alice,143533,29398,787,1.64,14354,4.91,Automobile,Online,4
North,Alice,155363,42862,107,1.68,2659,20.75,Electronics,Retail,2
North,David,187876,34132,354,2.67,8813,20.23,Grocery,Online,5
North,Eve,86971,20503,812,4.03,4868,29.4,Furniture,Wholesale,2
West,Bob,103471,49456,217,4.59,1817,29.57,Electronics,Online,6
South,Charlie,74946,35631,523,1.34,13772,20.6,Electronics,Online,1
North,Alice,108989,17499,645,2.57,1730,7.31,Clothing,Wholesale,6
North,Charlie,94080,40852,801,1.4,18017,23.96,Clothing,Online,4
West,Charlie,87794,9016,595,1.07,1801,3.21,Clothing,Retail,3
West,David,40841,3384,175,3.65,16427,23.42,Furniture,Online,2
East,Eve,134447,16072,31,3.41,2410,27.31,Grocery,Online,7
North,Alice,130029,37703,163,1.65,15404,11.49,Grocery,Online,9
East,Charlie,189830,46895,948,1.94,8607,18.92,Grocery,Wholesale,3
West,Alice,86272,15482,448,1.09,18800,12.9,Furniture,Online,6
West,Bob,47643,41510,304,4.34,3257,13.13,Furniture,Online,9
South,David,191480,49933,228,4.9,6964,9.31,Clothing,Retail,2
North,Bob,53950,22826,678,1.54,17062,22.86,Electronics,Online,7
East,Alice,197921,3490,504,1.93,9588,28.09,Automobile,Online,5
West,Alice,110500,47092,239,4.47,15624,28.22,Automobile,Online,5
West,Eve,169116,26518,29,4.71,14760,5.24,Electronics,Online,7
East,Charlie,135588,25045,996,2.68,10243,26.24,Clothing,Retail,9
South,Charlie,25997,27910,562,1.2,9183,22.12,Electronics,Retail,4
West,Bob,89751,25566,959,1.16,560,7.59,Electronics,Wholesale,9
North,David,108605,34905,157,3.3,9769,2.02,Automobile,Online,9
West,Charlie,164983,28103,117,2.57,3395,8.04,Clothing,Wholesale,4
North,Eve,65533,37188,412,1.11,15823,27.37,Furniture,Wholesale,3
East,Bob,92566,6845,605,3.33,12852,19.0,Automobile,Online,2
North,Bob,155643,22162,492,1.05,12375,21.63,Furniture,Retail,9
East,Eve,118255,37674,376,4.15,17469,7.71,Clothing,Retail,2
North,David,199013,20337,843,2.23,6323,21.58,Electronics,Online,6
East,Eve,68005,23313,423,1.16,12462,0.84,Grocery,Online,5
North,David,199784,27943,318,3.35,1034,11.26,Grocery,Retail,5
South,Eve,53541,13413,811,2.59,4511,18.8,Clothing,Online,4
North,Eve,33387,1276,927,4.9,2655,4.38,Grocery,Online,6
North,Alice,103980,18611,844,3.18,7457,24.69,Furniture,Online,5
South,Bob,189980,40105,143,2.1,9696,7.05,Grocery,Retail,4
West,Eve,95457,12944,728,3.84,11191,19.57,Clothing,Wholesale,9
West,Eve,154129,16906,292,2.09,13827,12.16,Clothing,Wholesale,6
North,Charlie,74028,21536,787,4.62,3206,17.88,Furniture,Online,3
South,Bob,129246,28810,82,2.5,501,3.22,Grocery,Retail,6
North,Charlie,65731,13306,490,3.2,9725,0.51,Grocery,Online,1
East,Bob,165930,11503,361,1.2,17988,27.29,Electronics,Retail,5
East,Charlie,189761,20225,569,2.7,15320,8.09,Automobile,Online,6
North,Eve,54638,37976,335,4.33,11391,24.59,Clothing,Retail,8
West,Eve,187558,12590,754,4.22,2361,29.98,Electronics,Retail,9
West,Alice,30567,11886,452,1.9,5769,6.34,Clothing,Wholesale,3
North,Charlie,170811,13866,109,1.9,11612,7.96,Electronics,Online,2
North,David,67804,2088,68,4.27,16199,19.89,Automobile,Wholesale,4
East,Alice,118821,4363,517,4.72,8820,28.96,Electronics,Wholesale,8
West,Charlie,13754,33792,267,1.38,17321,27.47,Clothing,Retail,8
North,Charlie,37044,10764,422,2.8,11240,15.09,Grocery,Online,3
East,Alice,77260,21620,461,2.35,3629,23.85,Clothing,Retail,4
West,Eve,76912,43727,74,4.48,17785,4.07,Furniture,Retail,3
South,Charlie,18706,13935,604,1.33,14880,29.32,Furniture,Retail,2
East,Eve,18894,9068,163,1.84,11860,28.93,Furniture,Online,4
West,Alice,159109,8295,994,4.01,5898,4.91,Furniture,Online,6
West,Eve,93986,42160,275,1.21,6029,8.98,Automobile,Retail,5
East,Bob,91942,12390,830,2.97,4418,3.0,Grocery,Online,3
South,David,192684,42216,88,2.77,17951,8.15,Grocery,Retail,2
East,Charlie,39725,21131,324,2.34,16910,24.48,Clothing,Online,9
West,David,146998,30218,671,2.58,7437,11.35,Electronics,Online,1
North,Eve,114555,11433,956,3.12,7618,2.65,Clothing,Wholesale,9
North,Charlie,19496,16038,569,1.65,17431,10.27,Clothing,Retail,1
East,Eve,66447,29182,926,3.29,11360,29.44,Clothing,Wholesale,7
West,Bob,111604,12528,900,4.22,5838,18.89,Clothing,Wholesale,6
North,Alice,170878,22281,257,4.04,12972,12.48,Grocery,Retail,7
West,Charlie,98199,49511,799,1.62,3640,5.0,Electronics,Retail,3
East,Bob,51321,9605,877,1.6,8496,29.59,Clothing,Online,3
North,Bob,163728,35782,619,2.07,15989,24.63,Grocery,Retail,1
West,Charlie,65147,2381,423,2.44,18474,8.44,Clothing,Wholesale,4
North,Eve,101396,2098,34,2.63,14701,2.1,Furniture,Wholesale,2
East,Bob,190738,20810,293,3.72,8276,1.7,Clothing,Retail,8
West,David,48787,25322,458,1.23,5443,3.61,Clothing,Wholesale,3
North,Bob,31727,42869,890,1.14,13386,17.42,Automobile,Online,7
East,Eve,105081,33955,310,2.57,9497,27.86,Furniture,Wholesale,7
North,Eve,132721,45716,77,3.79,8298,14.9,Electronics,Online,9
North,David,78056,11207,16,1.77,18241,25.29,Clothing,Wholesale,6
South,Bob,144153,22793,826,3.57,8592,13.38,Electronics,Online,1
South,Eve,175268,3092,146,2.04,3725,21.26,Furniture,Online,8
East,Charlie,177807,29220,173,4.54,12310,21.96,Clothing,Retail,1
South,Alice,90102,19514,92,4.58,15414,5.22,Automobile,Online,3
East,Alice,166570,39010,906,2.19,2960,10.84,Grocery,Retail,5
South,Alice,86865,9549,659,1.92,9237,19.12,Automobile,Wholesale,8
North,Bob,172728,23031,429,2.65,14420,2.12,Automobile,Wholesale,9
East,David,77695,6185,82,1.96,19612,10.85,Grocery,Wholesale,7
East,Eve,178972,16271,246,3.69,11254,16.04,Grocery,Online,9
North,Charlie,127235,6776,55,4.3,11333,29.89,Grocery,Wholesale,3
East,Charlie,188773,13449,627,3.69,3614,14.24,Clothing,Wholesale,5
East,Bob,118777,25297,937,4.3,17500,24.48,Electronics,Retail,8
South,Alice,29033,41591,809,2.59,15860,12.96,Electronics,Retail,1
East,Bob,151877,16717,271,1.63,18087,23.89,Grocery,Wholesale,8
West,David,176923,41123,185,3.95,10451,17.86,Automobile,Wholesale,7
North,David,36832,40233,175,2.44,3065,26.6,Furniture,Online,1
South,Eve,125725,46505,666,3.69,3674,12.33,Grocery,Online,6
South,Eve,155016,47092,851,2.08,19965,18.13,Automobile,Wholesale,1
West,David,29873,11350,379,1.32,3130,18.9,Automobile,Retail,2
North,David,50372,31622,804,4.97,3661,12.52,Clothing,Wholesale,5
North,David,99464,36323,63,1.62,4821,4.33,Clothing,Online,2
South,Bob,156451,3951,699,4.95,13704,2.81,Electronics,Retail,1
East,David,127322,18622,428,4.91,7599,0.5,Electronics,Retail,6
South,Charlie,177823,5727,765,4.18,11860,26.21,Furniture,Online,8
North,Alice,110082,39454,516,3.64,10813,7.09,Furniture,Wholesale,8
West,David,15110,37469,350,3.31,14002,6.35,Furniture,Wholesale,8
South,Alice,195413,36548,136,4.46,6301,22.08,Furniture,Wholesale,6
North,Bob,22087,24782,418,2.16,14630,9.6,Automobile,Online,3
South,Alice,164834,29454,933,2.87,14771,15.18,Automobile,Retail,1
East,Bob,92617,3368,376,3.48,16575,4.88,Electronics,Online,2
South,Charlie,110483,16592,280,2.64,4651,28.79,Clothing,Wholesale,5
South,Bob,19596,23173,653,2.71,9411,25.55,Clothing,Online,5
North,Bob,117539,34204,614,2.32,19484,25.91,Grocery,Retail,1
North,Eve,28313,36596,388,3.26,13361,12.2,Automobile,Online,1
North,David,123175,35324,82,4.4,1166,22.87,Furniture,Wholesale,9
South,David,124914,47132,932,1.81,17167,4.32,Furniture,Retail,2
East,Charlie,33705,24864,931,4.74,6340,0.26,Grocery,Online,7
West,Charlie,83445,48829,924,3.76,4065,0.6,Clothing,Online,4
West,David,113892,31750,257,4.29,10926,17.6,Furniture,Retail,7
North,Eve,12023,11576,869,3.22,18349,13.66,Clothing,Retail,8
North,David,129654,17566,794,4.12,7866,15.54,Grocery,Wholesale,5
South,Eve,90073,8190,52,1.06,16130,0.22,Clothing,Retail,1
West,Charlie,102197,24071,386,4.27,7882,12.68,Clothing,Wholesale,4
North,Alice,74429,39333,50,1.16,16649,21.54,Clothing,Online,3
East,Charlie,114195,16369,179,4.56,16371,13.28,Furniture,Wholesale,5
East,Charlie,43848,25035,955,4.97,13773,21.97,Electronics,Online,6
North,Bob,178876,2589,221,2.18,1492,6.99,Automobile,Retail,2
North,Bob,156451,26235,502,1.84,7358,24.39,Clothing,Online,7
West,Bob,37766,1159,689,4.06,2621,17.65,Clothing,Retail,3
West,Bob,78099,13145,48,2.01,12888,6.32,Clothing,Online,1
South,Eve,177132,16373,378,4.46,19107,7.1,Electronics,Online,3
West,David,79122,32921,766,1.41,4636,18.84,Grocery,Online,9
East,Alice,157159,40323,160,1.5,17227,24.9,Furniture,Online,6
East,Charlie,58868,17237,120,4.92,13153,12.47,Electronics,Wholesale,6
North,Eve,129119,42971,489,3.7,15979,7.75,Clothing,Online,4
West,Alice,164297,9244,445,4.39,5323,26.01,Electronics,Wholesale,8
South,Eve,105286,15743,56,2.3,5420,20.08,Electronics,Retail,5
East,Eve,16643,32566,584,3.71,5971,13.44,Electronics,Retail,7
East,Charlie,46727,47101,746,3.38,17772,14.64,Grocery,Wholesale,9
South,David,152077,47109,375,3.41,10033,6.13,Automobile,Retail,5
South,Bob,119079,19691,78,3.73,7627,18.8,Furniture,Retail,5
East,David,75697,34996,308,3.3,4220,10.76,Grocery,Online,4
East,Charlie,26029,6590,953,2.72,19767,29.87,Grocery,Online,6
South,Charlie,155298,6585,811,2.1,16196,14.41,Automobile,Online,2
East,Charlie,169803,10227,305,4.07,19299,14.58,Grocery,Wholesale,3
North,Alice,119458,29278,212,1.91,19885,16.98,Electronics,Wholesale,1
North,David,120384,39814,70,3.77,18622,27.5,Electronics,Retail,2
South,David,78926,13237,955,1.93,1864,24.02,Clothing,Online,2
West,Eve,147069,16649,972,3.5,3208,13.53,Grocery,Wholesale,8
South,Eve,65506,38713,839,3.99,13482,21.56,Clothing,Wholesale,8
South,Eve,88229,8927,323,1.87,17808,17.59,Furniture,Online,2
West,Charlie,190887,46409,170,1.24,651,14.77,Electronics,Wholesale,6
West,David,52092,49766,340,1.52,17796,5.77,Furniture,Online,5
West,Charlie,72539,47154,537,3.42,2821,13.92,Automobile,Retail,3
North,Alice,162889,8016,347,4.4,14365,7.37,Electronics,Retail,5
East,Eve,178933,15027,615,1.18,995,27.45,Furniture,Retail,5
North,Charlie,23428,49688,313,3.94,12487,10.06,Automobile,Online,5
East,Charlie,185006,25142,512,2.37,2648,28.57,Furniture,Wholesale,3
North,Alice,151330,47520,659,2.91,1056,15.99,Automobile,Retail,3
East,Bob,67775,24545,347,4.72,13893,18.95,Automobile,Retail,4
North,David,15469,32897,559,2.33,2052,16.29,Electronics,Retail,7
West,Bob,38854,4167,648,2.86,19004,3.88,Clothing,Wholesale,2
South,Eve,147328,45757,284,1.05,3585,11.27,Automobile,Wholesale,4
North,Charlie,86256,27917,173,1.33,656,2.97,Automobile,Online,4
East,Alice,175009,23736,452,2.03,9426,18.69,Electronics,Retail,1
West,Alice,109134,28990,328,1.11,7662,13.41,Clothing,Wholesale,8
North,David,142723,15087,598,3.53,8555,23.34,Grocery,Online,1
North,Bob,191360,23440,513,2.71,5154,6.61,Grocery,Retail,8
West,David,94730,36205,695,3.19,11968,4.94,Clothing,Wholesale,7
North,Charlie,166123,16275,396,1.7,654,12.19,Furniture,Wholesale,9
South,David,37386,6276,979,2.18,8450,27.8,Electronics,Online,8
North,Alice,157256,42627,879,3.66,15823,21.31,Clothing,Retail,5
South,Alice,43787,41586,842,4.86,17880,12.57,Grocery,Retail,8
South,Eve,31621,38496,897,1.2,5126,15.52,Automobile,Wholesale,3
West,Eve,87984,20008,612,4.56,19789,2.53,Grocery,Retail,7
North,Charlie,186325,6738,759,3.31,14759,29.54,Automobile,Online,4
West,Bob,44051,33402,785,3.26,15373,19.99,Electronics,Wholesale,5
North,David,59811,6793,700,3.0,13516,8.56,Automobile,Wholesale,9
North,Charlie,40447,38291,503,1.28,9869,17.57,Clothing,Online,7
East,Eve,138046,6571,499,1.36,653,3.28,Automobile,Wholesale,4
North,David,171326,32331,730,3.4,8353,28.98,Furniture,Retail,6
West,Eve,94045,17209,82,2.36,12879,5.24,Clothing,Retail,7
South,David,126859,49014,518,4.67,16292,19.44,Electronics,Wholesale,9
North,Bob,198490,26394,399,2.63,6099,7.36,Clothing,Online,4
East,Charlie,155544,44148,628,1.57,18600,21.53,Furniture,Online,3
West,David,13471,26682,866,3.86,15285,23.3,Electronics,Retail,8
North,Alice,130312,3224,304,2.17,11549,20.2,Grocery,Online,1
West,Alice,149401,42157,378,3.1,1286,18.43,Furniture,Wholesale,9
East,David,175937,49695,965,3.79,4868,26.77,Electronics,Wholesale,1
East,David,56850,45452,805,4.6,15423,2.36,Automobile,Retail,2
West,David,64220,44408,874,4.17,4772,9.93,Clothing,Retail,8
North,Alice,103808,33441,703,3.71,6494,7.45,Electronics,Retail,9
South,Alice,147469,42430,558,3.72,7511,29.64,Clothing,Online,7
East,David,176597,40129,658,4.78,14586,11.68,Automobile,Wholesale,3
North,Eve,63072,35716,859,2.18,9761,21.98,Electronics,Wholesale,7
North,Eve,93820,45859,577,1.0,19233,20.54,Grocery,Wholesale,6
South,Bob,33284,27586,196,2.09,7511,6.36,Furniture,Retail,2
East,Charlie,93369,45760,862,1.87,1712,7.17,Electronics,Wholesale,3
East,Eve,35122,24478,779,3.65,14641,8.44,Automobile,Online,5
North,Alice,140349,7318,454,3.53,9844,12.33,Electronics,Online,4
North,Eve,80553,29694,579,3.37,7204,7.03,Clothing,Wholesale,2
South,Bob,104788,21180,372,1.06,16396,0.59,Electronics,Retail,4
South,Bob,72812,13180,132,3.92,19395,26.38,Grocery,Wholesale,8
East,Charlie,17999,34002,197,2.29,643,28.97,Electronics,Online,5
West,Eve,32436,16372,751,3.66,11181,10.25,Furniture,Online,5
East,Alice,52963,30796,689,3.23,7867,10.16,Electronics,Online,3
North,Alice,143168,25427,429,2.37,3728,0.21,Clothing,Wholesale,8
East,David,166351,34290,635,1.54,5082,20.41,Electronics,Online,6
West,Alice,118899,29099,261,1.38,13647,24.76,Grocery,Retail,2
South,Charlie,36201,46486,628,4.33,11897,4.4,Automobile,Wholesale,2
West,Charlie,160787,10821,558,4.67,6531,4.79,Electronics,Wholesale,9
West,Alice,170381,6832,344,3.6,4743,23.7,Electronics,Online,7
West,Alice,156150,13820,101,1.41,14147,18.49,Furniture,Online,9
South,David,197686,17211,539,2.61,11996,1.35,Grocery,Retail,6
West,Alice,15105,40890,875,3.92,10049,18.68,Automobile,Wholesale,5
West,David,127666,6842,72,4.12,15646,9.27,Clothing,Online,1
West,David,104848,2316,671,1.47,19597,11.06,Electronics,Retail,6
North,Alice,12839,46968,521,1.0,4685,23.09,Automobile,Online,6
West,Bob,78920,18508,148,3.85,12986,24.33,Clothing,Wholesale,3
South,Bob,53619,23005,707,2.43,7828,12.01,Grocery,Online,3
West,David,52821,16206,194,2.02,17184,28.41,Grocery,Wholesale,3
West,Alice,135736,19971,214,1.05,17607,12.19,Automobile,Online,3
South,Bob,154565,26599,781,3.16,3510,23.16,Clothing,Wholesale,7
West,Alice,27069,23056,223,4.4,6055,14.52,Grocery,Retail,2
South,Alice,17531,2378,265,4.83,567,26.93,Automobile,Wholesale,2
West,Alice,178123,2519,144,3.26,12685,27.23,Grocery,Retail,3
South,Eve,148808,23161,582,3.06,19390,2.62,Grocery,Wholesale,7
West,Alice,148782,41703,884,1.34,2037,28.09,Grocery,Retail,3
West,Eve,77155,39861,831,3.2,17281,24.77,Furniture,Online,7
North,David,155047,6355,97,2.52,12049,23.74,Clothing,Wholesale,9
North,Bob,72424,10083,845,3.43,6180,6.03,Automobile,Online,4
West,Bob,55603,39342,997,2.55,9247,24.15,Automobile,Retail,7
West,Bob,164324,21456,216,1.96,15616,25.5,Clothing,Wholesale,9
East,Bob,142503,14324,138,1.38,3441,8.67,Clothing,Wholesale,8
